"content","date"
"DD DDDD","2010-04-04 08:00:00"
"CC CCCC","2010-03-03 08:00:00"
"BB BBBB","2010-02-02 08:00:00"
"AA AAAA","2010-01-01 08:00:00"
"iiiii iiiiiiiiiiiiiiiiiiiiiiiiiiiiiiiiiiiiii","2002-08-08 14:02:55"
"hhhhh hhhhhhhhhhhhhhhhhhhhhhhhhhhhhhhhhhhhhh","2001-07-07 13:02:55"
"ggggg gggggggggggggggggggggggggggggggggggggg","2000-06-06 12:02:55"
"fffff ffffffffffffffffffffffffffffffffffffff","1999-05-05 11:02:55"
"eeeee eeeeeeeeeeeeeeeeeeeeeeeeeeeeeeeeeeeeee","1998-04-04 10:02:55"
"ddddd dddddddddddddddddddddddddddddddddddddd","1997-03-03 09:02:55"
"ccccc ccccccccccccccccccccccccccccccccccccbc","1996-02-02 08:02:55"
"aaaaa aaaaaaaaaaaaaaaaaaaaaaaaaaaaaaaaaaaaaaa","1995-01-01 07:02:55"
"bbbbb bbbbbbbbbbbbbbbbbbbbbbbbbbbbbbbbbbbbbb","1995-01-01 07:02:55"
