"id","content","account_id","date","parent_post"
1,"aaaaa aaaaaaaaaaaaaaaaaaaaaaaaaaaaaaaaaaaaaaa",3,"1995-01-01 07:02:55",""
2,"bbbbb bbbbbbbbbbbbbbbbbbbbbbbbbbbbbbbbbbbbbb",5,"1995-01-01 07:02:55",""
3,"ccccc ccccccccccccccccccccccccccccccccccccbc",3,"1996-02-02 08:02:55",""
4,"ddddd dddddddddddddddddddddddddddddddddddddd",1,"1997-03-03 09:02:55",""
5,"eeeee eeeeeeeeeeeeeeeeeeeeeeeeeeeeeeeeeeeeee",7,"1998-04-04 10:02:55",""
6,"fffff ffffffffffffffffffffffffffffffffffffff",3,"1999-05-05 11:02:55",""
7,"ggggg gggggggggggggggggggggggggggggggggggggg",6,"2000-06-06 12:02:55",""
8,"hhhhh hhhhhhhhhhhhhhhhhhhhhhhhhhhhhhhhhhhhhh",9,"2001-07-07 13:02:55",""
9,"iiiii iiiiiiiiiiiiiiiiiiiiiiiiiiiiiiiiiiiiii",8,"2002-08-08 14:02:55",""
10,"AA AAAA",7,"2010-01-01 08:00:00",6
11,"BB BBBB",7,"2010-02-02 08:00:00",2
12,"CC CCCC",1,"2010-03-03 08:00:00",6
13,"DD DDDD",5,"2010-04-04 08:00:00",6
